{"raw_score": [[1000000, 765.6], [2000000, 748.0], [3000000, 814.4], [4000000, 727.2], [5000000, 718.4], [6000000, 784.8], [7000000, 728.8], [8000000, 756.0], [9000000, 900.0], [10000000, 832.8]], "std_score": [[1000000, 137.1154258280227], [2000000, 154.1324106085414], [3000000, 151.94946528369226], [4000000, 134.4], [5000000, 139.84219677908382], [6000000, 123.6873477765612], [7000000, 145.73180847021695], [8000000, 132.32686802006614], [9000000, 208.12304053131646], [10000000, 167.93141457154465]], "human_normalized_score": [[1000000, 2.4253438469805473], [2000000, 2.3190803376281504], [3000000, 2.7199835774576457], [4000000, 2.1934961902116825], [5000000, 2.140364435535484], [6000000, 2.541267675364979], [7000000, 2.2031565092437178], [8000000, 2.3673819327883305], [9000000, 3.2368106456715737], [10000000, 2.83107724632606]]}