{"raw_score": [[1000000, 175.0], [2000000, 455.0], [3000000, 2585.0], [4000000, 3990.0], [5000000, 4085.0], [6000000, 4315.0], [7000000, 4040.0], [8000000, 4375.0], [9000000, 2210.0], [10000000, 3650.0]], "std_score": [[1000000, 68.92024376045111], [2000000, 18.708286933869708], [3000000, 1734.041521994211], [4000000, 12.24744871391589], [5000000, 56.124860801609124], [6000000, 138.38352503098048], [7000000, 2111.847532375384], [8000000, 225.8317958127243], [9000000, 1842.3897524682448], [10000000, 1537.5304875026056]], "human_normalized_score": [[1000000, 0.08351453228100002], [2000000, 2.1901874186485695], [3000000, 18.21594901851615], [4000000, 28.786932609039127], [5000000, 29.5016966240567], [6000000, 31.23217792357292], [7000000, 29.163124195890482], [8000000, 31.683607827794543], [9000000, 15.394512117131013], [10000000, 26.228829818449938]]}