{"raw_score": [[1000000, -21.0], [2000000, -21.0], [3000000, -20.6], [4000000, -20.4], [5000000, -20.2], [6000000, -20.2], [7000000, -18.6], [8000000, -5.0], [9000000, -7.8], [10000000, 5.8]], "std_score": [[1000000, 0.0], [2000000, 0.0], [3000000, 0.4898979485566356], [4000000, 0.4898979485566356], [5000000, 0.39999999999999997], [6000000, 0.4], [7000000, 1.019803902718557], [8000000, 7.874007874011811], [9000000, 5.035871324805669], [10000000, 3.6]], "human_normalized_score": [[1000000, -0.849858356940512], [2000000, -0.849858356940512], [3000000, 0.283286118980164], [4000000, 0.849858356940512], [5000000, 1.41643059490085], [6000000, 1.41643059490085], [7000000, 5.949008498583564], [8000000, 44.47592067988669], [9000000, 36.54390934844193], [10000000, 75.07082152974505]]}