{"raw_score": [[1000000, 100.0], [2000000, 216.0], [3000000, 412.0], [4000000, 484.0], [5000000, 332.0], [6000000, 536.0], [7000000, 692.0], [8000000, 540.0], [9000000, 796.0], [10000000, 736.0], [11000000, 784.0], [12000000, 812.0], [13000000, 796.0], [14000000, 748.0], [15000000, 772.0], [16000000, 764.0], [17000000, 816.0], [18000000, 788.0], [19000000, 800.0], [20000000, 764.0], [21000000, 804.0], [22000000, 792.0], [23000000, 788.0], [24000000, 756.0], [25000000, 816.0], [26000000, 804.0], [27000000, 780.0], [28000000, 804.0], [29000000, 788.0], [30000000, 808.0]], "std_score": [[1000000, 0.0], [2000000, 79.39773296511683], [3000000, 75.47184905645283], [4000000, 81.38795979750321], [5000000, 96.82974749528164], [6000000, 92.43376006633075], [7000000, 65.23802572120036], [8000000, 53.665631459994955], [9000000, 8.0], [10000000, 64.99230723708769], [11000000, 42.708313008125245], [12000000, 16.0], [13000000, 14.966629547095765], [14000000, 80.59776671843954], [15000000, 76.52450587883597], [16000000, 72.0], [17000000, 23.323807579381203], [18000000, 16.0], [19000000, 0.0], [20000000, 66.2117814289874], [21000000, 14.966629547095765], [22000000, 29.93325909419153], [23000000, 9.797958971132712], [24000000, 63.74950980203691], [25000000, 14.966629547095765], [26000000, 23.323807579381203], [27000000, 50.59644256269407], [28000000, 19.595917942265423], [29000000, 16.0], [30000000, 9.797958971132712]], "human_normalized_score": [[1000000, 0.07526264519617112], [2000000, 0.3515432414859133], [3000000, 0.8183621800444432], [4000000, 0.9898466880863521], [5000000, 0.6278238377756555], [6000000, 1.1136966105610642], [7000000, 1.4852463779852003], [8000000, 1.1232235276745035], [9000000, 1.732946222934624], [10000000, 1.5900424662330332], [11000000, 1.704365471594306], [12000000, 1.7710538913883818], [13000000, 1.732946222934624], [14000000, 1.6186232175733517], [15000000, 1.675784720253988], [16000000, 1.656730886027109], [17000000, 1.780580808501821], [18000000, 1.7138923887077453], [19000000, 1.7424731400480633], [20000000, 1.656730886027109], [21000000, 1.752000057161503], [22000000, 1.7234193058211846], [23000000, 1.7138923887077453], [24000000, 1.6376770518002304], [25000000, 1.780580808501821], [26000000, 1.752000057161503], [27000000, 1.6948385544808666], [28000000, 1.752000057161503], [29000000, 1.7138923887077453], [30000000, 1.7615269742749424]]}