{"raw_score": [[1000000, 125.0], [2000000, 150.0], [3000000, 155.0], [4000000, 210.0], [5000000, 170.0], [6000000, 420.0], [7000000, 565.0], [8000000, 465.0], [9000000, 685.0], [10000000, 590.0]], "std_score": [[1000000, 0.0], [2000000, 0.0], [3000000, 10.0], [4000000, 53.85164807134504], [5000000, 40.0], [6000000, 182.61982367749675], [7000000, 33.91164991562634], [8000000, 64.42049363362563], [9000000, 110.22703842524301], [10000000, 136.56500283747664]], "human_normalized_score": [[1000000, -0.29267705457035165], [2000000, -0.1045812611446758], [3000000, -0.06696210245954064], [4000000, 0.3468486430769462], [5000000, 0.04589537359586486], [6000000, 1.926853307852623], [7000000, 3.017808909721543], [8000000, 2.2654257360188397], [9000000, 3.920668718164787], [10000000, 3.2059047031472185]]}