{"raw_score": [[1000000, 660.0], [2000000, 692.8], [3000000, 746.4], [4000000, 804.0], [5000000, 767.2], [6000000, 740.0], [7000000, 670.4], [8000000, 765.6], [9000000, 737.6], [10000000, 607.2], [11000000, 616.8], [12000000, 775.2], [13000000, 737.6], [14000000, 709.6], [15000000, 660.0], [16000000, 680.0], [17000000, 670.4], [18000000, 708.0], [19000000, 718.4], [20000000, 738.4], [21000000, 689.6], [22000000, 679.2], [23000000, 756.8], [24000000, 690.4], [25000000, 699.2], [26000000, 625.6], [27000000, 765.6], [28000000, 804.0], [29000000, 663.2], [30000000, 719.2]], "std_score": [[1000000, 0.0], [2000000, 161.6], [3000000, 130.22073567600515], [4000000, 113.58873183551263], [5000000, 170.95309298167143], [6000000, 158.95659784985335], [7000000, 46.067776156441504], [8000000, 111.12803426678616], [9000000, 102.43749313605835], [10000000, 85.3191654905274], [11000000, 49.664474224540015], [12000000, 123.68734777656121], [13000000, 115.14443104206126], [14000000, 111.58781295464124], [15000000, 0.0], [16000000, 47.86648096528509], [17000000, 34.650252524332345], [18000000, 60.71573107523288], [19000000, 69.35589376541837], [20000000, 85.92461812542433], [21000000, 47.70576485080184], [22000000, 38.400000000000006], [23000000, 120.48966760681182], [24000000, 70.1358681417718], [25000000, 54.751803623259754], [26000000, 76.54959176899638], [27000000, 115.2], [28000000, 199.06983699194612], [29000000, 83.19230733667628], [30000000, 125.30666382918348]], "human_normalized_score": [[1000000, 1.7877627908661688], [2000000, 1.985799331022907], [3000000, 2.3094200185961142], [4000000, 2.6571915037494116], [5000000, 2.4350041660125834], [6000000, 2.2707787424679706], [7000000, 1.8505548645744028], [8000000, 2.4253438469805473], [9000000, 2.2562882639199167], [10000000, 1.4689722628089799], [11000000, 1.5269341770011955], [12000000, 2.483305761172763], [13000000, 2.2562882639199167], [14000000, 2.087232680859286], [15000000, 1.7877627908661688], [16000000, 1.9085167787666188], [17000000, 1.8505548645744028], [18000000, 2.0775723618272495], [19000000, 2.140364435535484], [20000000, 2.261118423435934], [21000000, 1.9664786929588354], [22000000, 1.9036866192506015], [23000000, 2.3722120923043484], [24000000, 1.9713088524748532], [25000000, 2.024440607151052], [26000000, 1.5800659316773942], [27000000, 2.4253438469805473], [28000000, 2.6571915037494116], [29000000, 1.8070834289302409], [30000000, 2.145194595051502]]}