{"raw_score": [[1000000, 160.0], [2000000, 445.0], [3000000, 380.0], [4000000, 515.0], [5000000, 1095.0], [6000000, 3125.0], [7000000, 430.0], [8000000, 2730.0], [9000000, 2285.0], [10000000, 3505.0]], "std_score": [[1000000, 12.24744871391589], [2000000, 310.4029639033751], [3000000, 210.0], [4000000, 12.24744871391589], [5000000, 257.0992026436488], [6000000, 1940.4896289338935], [7000000, 91.37833441248533], [8000000, 1607.0469812671936], [9000000, 1605.1946922414115], [10000000, 1370.6202975295528]], "human_normalized_score": [[1000000, -0.02934294377440547], [2000000, 2.1149491012782993], [3000000, 1.6259000383715416], [4000000, 2.641617322870191], [5000000, 7.005439730345871], [6000000, 22.278818156510745], [7000000, 2.0020916252228935], [8000000, 19.30690462038507], [9000000, 15.958799497408037], [10000000, 25.137874216581018]]}