{"raw_score": [[1000000, 52.8], [2000000, 52.8], [3000000, 52.8], [4000000, 132.0], [5000000, 132.0], [6000000, 132.0], [7000000, 132.0], [8000000, 785.6], [9000000, 3762.4], [10000000, 4425.6], [11000000, 4099.6], [12000000, 5135.2], [13000000, 5800.0], [14000000, 5724.0], [15000000, 4390.0], [16000000, 5674.4], [17000000, 4326.0], [18000000, 4570.8], [19000000, 4912.8], [20000000, 4642.4], [21000000, 4802.8], [22000000, 5782.8], [23000000, 5333.2], [24000000, 6267.2], [25000000, 6822.8], [26000000, 6684.4], [27000000, 7141.6], [28000000, 6334.4], [29000000, 5528.4], [30000000, 8466.0]], "std_score": [[1000000, 105.59999999999998], [2000000, 105.59999999999998], [3000000, 105.59999999999998], [4000000, 264.0], [5000000, 264.0], [6000000, 264.0], [7000000, 264.0], [8000000, 273.730962808375], [9000000, 1120.315241349505], [10000000, 1226.8981375811115], [11000000, 1294.5729179926482], [12000000, 1088.3944873068772], [13000000, 1948.2648690565663], [14000000, 1185.1872425908068], [15000000, 911.5911364202703], [16000000, 715.1742724679069], [17000000, 1545.9386792496007], [18000000, 1721.7157024317341], [19000000, 1863.723412955903], [20000000, 1762.8501467793567], [21000000, 755.6513481758634], [22000000, 132.23978221397675], [23000000, 417.13805868081613], [24000000, 795.7975621978243], [25000000, 1562.1152838379119], [26000000, 1511.31063650065], [27000000, 1500.7536240169472], [28000000, 782.7596310490213], [29000000, 1180.288371543158], [30000000, 2512.9033407594493]], "human_normalized_score": [[1000000, -1.8783282817915061], [2000000, -1.8783282817915061], [3000000, -1.8783282817915061], [4000000, -1.4001424897057226], [5000000, -1.4001424897057226], [6000000, -1.4001424897057226], [7000000, -1.4001424897057226], [8000000, 2.5460978348809977], [9000000, 20.519121393984037], [10000000, 24.523323632762974], [11000000, 22.555033629985637], [12000000, 28.807675123470954], [13000000, 32.82153768128193], [14000000, 32.362672527260216], [15000000, 24.30838153430017], [16000000, 32.063202637267096], [17000000, 23.921968773018733], [18000000, 25.399997584920246], [19000000, 27.464890778017946], [20000000, 25.832296861603854], [21000000, 26.80074384456547], [22000000, 32.717689251687545], [23000000, 30.003139603685412], [24000000, 35.642350838636446], [25000000, 38.99689662251096], [26000000, 38.161279026239846], [27000000, 40.92171518964415], [28000000, 36.04808423798197], [29000000, 31.18169852559381], [30000000, 48.91804426841197]]}