{"raw_score": [[1000000, -21.0], [2000000, -21.0], [3000000, -21.0], [4000000, -21.0], [5000000, -21.0], [6000000, -21.0], [7000000, -20.6], [8000000, -21.0], [9000000, -21.0], [10000000, -20.8]], "std_score": [[1000000, 0.0], [2000000, 0.0], [3000000, 0.0], [4000000, 0.0], [5000000, 0.0], [6000000, 0.0], [7000000, 0.4898979485566356], [8000000, 0.0], [9000000, 0.0], [10000000, 0.39999999999999997]], "human_normalized_score": [[1000000, -0.849858356940512], [2000000, -0.849858356940512], [3000000, -0.849858356940512], [4000000, -0.849858356940512], [5000000, -0.849858356940512], [6000000, -0.849858356940512], [7000000, 0.283286118980164], [8000000, -0.849858356940512], [9000000, -0.849858356940512], [10000000, -0.28328611898017403]]}