{"raw_score": [[1000000, 2.0], [2000000, 12.8], [3000000, 24.0], [4000000, 45.6], [5000000, 54.0], [6000000, 73.0], [7000000, 65.6], [8000000, 64.6], [9000000, 75.0], [10000000, 82.2]], "std_score": [[1000000, 2.280350850198276], [2000000, 3.370459909270543], [3000000, 3.1622776601683795], [4000000, 19.530488985173925], [5000000, 10.788883167408942], [6000000, 12.553883861180172], [7000000, 19.252012881774206], [8000000, 17.304334717058612], [9000000, 19.57549488518745], [10000000, 18.723247581549522]], "human_normalized_score": [[1000000, 1.0416666666666667], [2000000, 38.54166666666667], [3000000, 77.43055555555556], [4000000, 152.43055555555554], [5000000, 181.5972222222222], [6000000, 247.56944444444443], [7000000, 221.87499999999994], [8000000, 218.40277777777771], [9000000, 254.51388888888889], [10000000, 279.51388888888886]]}