{"raw_score": [[1000000, 0.0], [2000000, 11.6], [3000000, 20.6], [4000000, 20.6], [5000000, 23.4], [6000000, 35.8], [7000000, 23.8], [8000000, 33.8], [9000000, 12.2], [10000000, 12.2]], "std_score": [[1000000, 0.0], [2000000, 4.409081537009721], [3000000, 16.218507946170636], [4000000, 19.283153269110322], [5000000, 15.653753543479596], [6000000, 12.480384609458156], [7000000, 13.075167302944921], [8000000, 16.21604144049959], [9000000, 5.491812087098392], [10000000, 4.166533331199932]], "human_normalized_score": [[1000000, -5.902777777777778], [2000000, 34.375], [3000000, 65.62500000000001], [4000000, 65.62500000000001], [5000000, 75.34722222222221], [6000000, 118.40277777777774], [7000000, 76.73611111111111], [8000000, 111.4583333333333], [9000000, 36.45833333333333], [10000000, 36.45833333333333]]}