{"raw_score": [[1000000, 104.0], [2000000, 256.0], [3000000, 352.0], [4000000, 340.0], [5000000, 668.0], [6000000, 816.0], [7000000, 872.0], [8000000, 800.0], [9000000, 844.0], [10000000, 840.0], [11000000, 860.0], [12000000, 844.0], [13000000, 800.0], [14000000, 740.0], [15000000, 772.0], [16000000, 840.0], [17000000, 744.0], [18000000, 872.0], [19000000, 896.0], [20000000, 820.0], [21000000, 912.0], [22000000, 816.0], [23000000, 884.0], [24000000, 852.0], [25000000, 824.0], [26000000, 848.0], [27000000, 840.0], [28000000, 872.0], [29000000, 896.0], [30000000, 864.0]], "std_score": [[1000000, 8.0], [2000000, 54.258639865002145], [3000000, 76.52450587883597], [4000000, 146.424041741785], [5000000, 92.6066952223218], [6000000, 88.90444308357148], [7000000, 41.182520563948], [8000000, 140.85453489327207], [9000000, 23.323807579381203], [10000000, 17.88854381999832], [11000000, 70.42726744663604], [12000000, 34.40930106817051], [13000000, 92.0869154657707], [14000000, 108.07404868885037], [15000000, 121.72099243762351], [16000000, 33.46640106136302], [17000000, 88.90444308357148], [18000000, 67.64613810115105], [19000000, 19.595917942265423], [20000000, 130.23056476879765], [21000000, 37.094473981982816], [22000000, 94.99473669630333], [23000000, 8.0], [24000000, 95.16301802696255], [25000000, 109.83624174196785], [26000000, 43.08131845707603], [27000000, 89.44271909999159], [28000000, 67.64613810115105], [29000000, 8.0], [30000000, 63.74950980203691]], "human_normalized_score": [[1000000, 0.0847895623096105], [2000000, 0.4468124126203071], [3000000, 0.6754584233428524], [4000000, 0.6468776720025343], [5000000, 1.4280848753045638], [6000000, 1.780580808501821], [7000000, 1.9139576480899725], [8000000, 1.7424731400480633], [9000000, 1.8472692282958967], [10000000, 1.8377423111824573], [11000000, 1.8853768967496545], [12000000, 1.8472692282958967], [13000000, 1.7424731400480633], [14000000, 1.5995693833464726], [15000000, 1.675784720253988], [16000000, 1.8377423111824573], [17000000, 1.6090963004599124], [18000000, 1.9139576480899725], [19000000, 1.9711191507706087], [20000000, 1.7901077256152604], [21000000, 2.009226819224366], [22000000, 1.780580808501821], [23000000, 1.9425383994302905], [24000000, 1.8663230625227754], [25000000, 1.7996346427286998], [26000000, 1.856796145409336], [27000000, 1.8377423111824573], [28000000, 1.9139576480899725], [29000000, 1.9711191507706087], [30000000, 1.8949038138630938]]}