{"raw_score": [[1000000, 0.0], [2000000, 44.4], [3000000, 24.0], [4000000, 16.4], [5000000, 19.8], [6000000, 21.8], [7000000, 29.0], [8000000, 3.2], [9000000, 7.8], [10000000, 6.0]], "std_score": [[1000000, 0.0], [2000000, 22.799999999999997], [3000000, 12.89961239727768], [4000000, 15.755633912984903], [5000000, 11.72006825918689], [6000000, 12.073110618229256], [7000000, 6.782329983125268], [8000000, 0.9797958971132712], [9000000, 5.912698199637792], [10000000, 3.0983866769659336]], "human_normalized_score": [[1000000, 0.0], [2000000, 5.15979081929111], [3000000, 2.789076118535735], [4000000, 1.9058686809994188], [5000000, 2.3009877977919815], [6000000, 2.5334108076699597], [7000000, 3.37013364323068], [8000000, 0.37187681580476467], [9000000, 0.9064497385241139], [10000000, 0.6972690296339338]]}