{"raw_score": [[1000000, 410.0], [2000000, 390.0], [3000000, 355.0], [4000000, 1170.0], [5000000, 555.0], [6000000, 2815.0], [7000000, 2940.0], [8000000, 3495.0], [9000000, 4380.0], [10000000, 4485.0]], "std_score": [[1000000, 30.0], [2000000, 51.478150704935004], [3000000, 33.166247903554], [4000000, 1340.2798215298178], [5000000, 55.67764362830022], [6000000, 1645.5698101265714], [7000000, 1759.8721544475893], [8000000, 1348.369385591352], [9000000, 126.8857754044952], [10000000, 320.3903868720159]], "human_normalized_score": [[1000000, 1.8516149904823527], [2000000, 1.701138355741812], [3000000, 1.4378042449458661], [4000000, 7.569727110622898], [5000000, 2.942570592351273], [6000000, 19.946430318032366], [7000000, 20.886909285160744], [8000000, 25.06263589921075], [9000000, 31.721226986479678], [10000000, 32.511229318867514]]}