{"raw_score": [[1000000, 0.0], [2000000, 1.4], [3000000, 0.0], [4000000, 18.2], [5000000, 33.2], [6000000, 36.2], [7000000, 49.0], [8000000, 60.4], [9000000, 74.2], [10000000, 58.2]], "std_score": [[1000000, 0.0], [2000000, 1.019803902718557], [3000000, 0.0], [4000000, 6.11228271597445], [5000000, 11.617228585166083], [6000000, 20.163333057805698], [7000000, 10.583005244258363], [8000000, 13.54400236266961], [9000000, 23.919866220361683], [10000000, 16.581917862539303]], "human_normalized_score": [[1000000, -5.902777777777778], [2000000, -1.0416666666666667], [3000000, -5.902777777777778], [4000000, 57.291666666666664], [5000000, 109.375], [6000000, 119.79166666666667], [7000000, 164.2361111111111], [8000000, 203.81944444444443], [9000000, 251.73611111111111], [10000000, 196.18055555555557]]}