{"raw_score": [[1000000, 0.0], [2000000, 0.0], [3000000, 0.0], [4000000, 11.2], [5000000, 6.0], [6000000, 36.0], [7000000, 47.2], [8000000, 66.6], [9000000, 66.6], [10000000, 44.6]], "std_score": [[1000000, 0.0], [2000000, 0.0], [3000000, 0.0], [4000000, 2.315167380558045], [5000000, 0.8944271909999159], [6000000, 12.09958676980334], [7000000, 26.776108753887296], [8000000, 15.291827882892221], [9000000, 27.339348931530903], [10000000, 33.60119045510144]], "human_normalized_score": [[1000000, -5.902777777777778], [2000000, -5.902777777777778], [3000000, -5.902777777777778], [4000000, 32.98611111111111], [5000000, 14.930555555555555], [6000000, 119.09722222222221], [7000000, 157.98611111111111], [8000000, 225.3472222222222], [9000000, 225.3472222222222], [10000000, 148.95833333333331]]}