{"raw_score": [[1000000, 0.0], [2000000, 125.0], [3000000, 405.0], [4000000, 675.0], [5000000, 700.0], [6000000, 1060.0], [7000000, 815.0], [8000000, 790.0], [9000000, 1830.0], [10000000, 820.0]], "std_score": [[1000000, 0.0], [2000000, 0.0], [3000000, 43.01162633521314], [4000000, 77.45966692414834], [5000000, 65.19202405202648], [6000000, 275.4995462791182], [7000000, 218.8606862823929], [8000000, 274.5906043549196], [9000000, 1608.6018774078314], [10000000, 10.0]], "human_normalized_score": [[1000000, -1.2331560216987307], [2000000, -0.29267705457035165], [3000000, 1.8139958317972178], [4000000, 3.8454304007945166], [5000000, 4.033526194220192], [6000000, 6.742105619549925], [7000000, 4.898766843978302], [8000000, 4.710671050552626], [9000000, 12.53545605706074], [10000000, 4.936386002663436]]}