{"raw_score": [[1000000, 0.8], [2000000, 10.2], [3000000, 20.8], [4000000, 26.0], [5000000, 34.0], [6000000, 43.2], [7000000, 24.6], [8000000, 31.6], [9000000, 38.6], [10000000, 35.6]], "std_score": [[1000000, 0.7483314773547883], [2000000, 5.912698199637793], [3000000, 8.657944328765344], [4000000, 7.720103626247513], [5000000, 12.083045973594572], [6000000, 13.6], [7000000, 18.271288952889996], [8000000, 15.447977213862014], [9000000, 24.499795917517353], [10000000, 20.175232340669588]], "human_normalized_score": [[1000000, -3.1249999999999996], [2000000, 29.51388888888889], [3000000, 66.31944444444446], [4000000, 84.375], [5000000, 112.15277777777777], [6000000, 144.0972222222222], [7000000, 79.5138888888889], [8000000, 103.81944444444444], [9000000, 128.125], [10000000, 117.70833333333333]]}