{"raw_score": [[1000000, 280.0], [2000000, 255.0], [3000000, 435.0], [4000000, 760.0], [5000000, 905.0], [6000000, 1880.0], [7000000, 1235.0], [8000000, 2840.0], [9000000, 3830.0], [10000000, 1745.0]], "std_score": [[1000000, 60.0], [2000000, 50.99019513592785], [3000000, 81.54753215150045], [4000000, 25.495097567963924], [5000000, 323.80549717384355], [6000000, 1680.4314922066892], [7000000, 1333.4729093611163], [8000000, 1621.0027760617809], [9000000, 1459.0579152316059], [10000000, 1684.9629076036065]], "human_normalized_score": [[1000000, 0.8735168646688385], [2000000, 0.6854210712431626], [3000000, 2.039710783908029], [4000000, 4.484956098441815], [5000000, 5.575911700310734], [6000000, 12.911647643912092], [7000000, 8.058776173529655], [8000000, 20.134526111458044], [9000000, 27.583119531114804], [10000000, 11.895930359413441]]}