{"raw_score": [[1000000, 285.0], [2000000, 270.0], [3000000, 270.0], [4000000, 370.0], [5000000, 509.0], [6000000, 273.0], [7000000, 255.0], [8000000, 308.0], [9000000, 307.0], [10000000, 296.0]], "std_score": [[1000000, 0.0], [2000000, 0.0], [3000000, 0.0], [4000000, 112.78297743897348], [5000000, 245.446531855718], [6000000, 102.83968105745953], [7000000, 187.29655629509048], [8000000, 120.56533498481228], [9000000, 140.12851244482687], [10000000, 175.85221067703415]], "human_normalized_score": [[1000000, 9.00900900900901], [2000000, 8.022621161307294], [3000000, 8.022621161307294], [4000000, 14.5985401459854], [5000000, 23.739067534687972], [6000000, 8.219898730847635], [7000000, 7.036233313605576], [8000000, 10.521470375484974], [9000000, 10.455711185638194], [10000000, 9.7323600973236]]}