{"raw_score": [[1000000, 180.0], [2000000, 204.0], [3000000, 264.0], [4000000, 496.0], [5000000, 224.0], [6000000, 392.0], [7000000, 232.0], [8000000, 272.0], [9000000, 288.0], [10000000, 280.0]], "std_score": [[1000000, 0.0], [2000000, 14.966629547095765], [3000000, 83.33066662399864], [4000000, 92.43376006633075], [5000000, 34.40930106817051], [6000000, 29.93325909419153], [7000000, 32.49615361854384], [8000000, 49.95998398718719], [9000000, 39.191835884530846], [10000000, 33.46640106136302]], "human_normalized_score": [[1000000, 0.26580098746495884], [2000000, 0.32296249014559514], [3000000, 0.4658662468471859], [4000000, 1.0184274394266704], [5000000, 0.37059707571279205], [6000000, 0.7707275944772463], [7000000, 0.38965090993967083], [8000000, 0.4849200810740647], [9000000, 0.5230277495278223], [10000000, 0.5039739153009435]]}