{"raw_score": [[1000000, 150.0], [2000000, 435.0], [3000000, 325.0], [4000000, 600.0], [5000000, 2825.0], [6000000, 1650.0], [7000000, 4145.0], [8000000, 3970.0], [9000000, 3860.0], [10000000, 3995.0]], "std_score": [[1000000, 0.0], [2000000, 43.58898943540674], [3000000, 0.0], [4000000, 97.46794344808964], [5000000, 1470.7141122597552], [6000000, 1528.7249589118378], [7000000, 33.166247903554], [8000000, 1616.9724796668618], [9000000, 1659.4125466561954], [10000000, 1522.6949793047852]], "human_normalized_score": [[1000000, -0.1045812611446758], [2000000, 2.039710783908029], [3000000, 1.212089292835055], [4000000, 3.281143020517489], [5000000, 20.021668635402637], [6000000, 11.181166344395873], [7000000, 29.953126528278318], [8000000, 28.636455974298592], [9000000, 27.808834483225613], [10000000, 28.824551767724266]]}