{"raw_score": [[1000000, 460.0], [2000000, 645.0], [3000000, 375.0], [4000000, 420.0], [5000000, 1400.0], [6000000, 2865.0], [7000000, 4135.0], [8000000, 3555.0], [9000000, 3440.0], [10000000, 3725.0]], "std_score": [[1000000, 220.0], [2000000, 173.49351572897473], [3000000, 70.71067811865476], [4000000, 10.0], [5000000, 1341.8271125595875], [6000000, 1724.4999275152202], [7000000, 407.9215610874228], [8000000, 1378.259772321604], [9000000, 1488.589936819405], [10000000, 1476.3976429133177]], "human_normalized_score": [[1000000, 2.2278065773337046], [2000000, 3.619715448683706], [3000000, 1.5882808796864065], [4000000, 1.926853307852623], [5000000, 9.300208410139115], [6000000, 20.322621904883718], [7000000, 29.87788821090805], [8000000, 25.514065803432374], [9000000, 24.648825153674263], [10000000, 26.793117198726968]]}