{"raw_score": [[1000000, 79.2], [2000000, 52.8], [3000000, 52.8], [4000000, 276.0], [5000000, 132.0], [6000000, 132.0], [7000000, 132.0], [8000000, 1507.2], [9000000, 1305.6], [10000000, 1405.5]], "std_score": [[1000000, 158.4], [2000000, 105.59999999999998], [3000000, 105.59999999999998], [4000000, 552.0], [5000000, 264.0], [6000000, 264.0], [7000000, 264.0], [8000000, 331.1304274753379], [9000000, 494.213557078314], [10000000, 83.48413022844521]], "human_normalized_score": [[1000000, -1.7189330177629116], [2000000, -1.8783282817915061], [3000000, -1.8783282817915061], [4000000, -0.5307137768224794], [5000000, -1.4001424897057226], [6000000, -1.4001424897057226], [7000000, -1.4001424897057226], [8000000, 6.902901718329249], [9000000, 5.6857015202927075], [10000000, 6.288867689855457]]}
