{"raw_score": [[1000000, 1.6], [2000000, 17.6], [3000000, 29.6], [4000000, 38.4], [5000000, 43.0], [6000000, 38.8], [7000000, 52.0], [8000000, 46.8], [9000000, 49.6], [10000000, 0.0]], "std_score": [[1000000, 1.019803902718557], [2000000, 3.1999999999999997], [3000000, 6.086049621881176], [4000000, 14.568459081179451], [5000000, 7.4565407529228995], [6000000, 12.82809416865966], [7000000, 18.718974330876144], [8000000, 23.025203582161872], [9000000, 17.48828179095934], [10000000, 0.0]], "human_normalized_score": [[1000000, -0.34722222222222177], [2000000, 55.208333333333336], [3000000, 96.875], [4000000, 127.43055555555554], [5000000, 143.40277777777777], [6000000, 128.81944444444443], [7000000, 174.65277777777777], [8000000, 156.5972222222222], [9000000, 166.31944444444443], [10000000, -5.902777777777778]]}