{"raw_score": [[1000000, 80.0], [2000000, 84.0], [3000000, 164.0], [4000000, 176.0], [5000000, 40.0], [6000000, 164.0], [7000000, 200.0], [8000000, 232.0], [9000000, 100.0], [10000000, 148.0]], "std_score": [[1000000, 0.0], [2000000, 40.792156108742276], [3000000, 38.781438859330635], [4000000, 32.0], [5000000, 25.298221281347036], [6000000, 52.76362383309168], [7000000, 61.96773353931867], [8000000, 73.32121111929344], [9000000, 21.908902300206645], [10000000, 51.536394906900505]], "human_normalized_score": [[1000000, 0.027628059628974203], [2000000, 0.03715497674241359], [3000000, 0.2276933190112013], [4000000, 0.25627407035151945], [5000000, -0.06764111150541964], [6000000, 0.2276933190112013], [7000000, 0.31343557303215575], [8000000, 0.38965090993967083], [9000000, 0.07526264519617112], [10000000, 0.18958565055744372]]}