{"raw_score": [[1000000, 155.0], [2000000, 178.0], [3000000, 251.0], [4000000, 358.0], [5000000, 429.0], [6000000, 283.0], [7000000, 400.0], [8000000, 268.0], [9000000, 469.0], [10000000, 313.0]], "std_score": [[1000000, 112.33877335986894], [2000000, 50.457903246171455], [3000000, 8.0], [4000000, 145.34785860135676], [5000000, 118.12705024675762], [6000000, 97.80593029055038], [7000000, 70.78135347674555], [8000000, 146.95577566057077], [9000000, 158.60012610335465], [10000000, 141.5132502630054]], "human_normalized_score": [[1000000, 0.4603143289274676], [2000000, 1.9727756954034326], [3000000, 6.773196554218453], [4000000, 13.809429867824027], [5000000, 18.478332346945486], [6000000, 8.877490629315446], [7000000, 16.571315841388834], [8000000, 7.89110278161373], [9000000, 21.108699940816727], [10000000, 10.850266324718879]]}